classi,doc_id,cohesionSyn_m,hauteurPh_m,longPh_m,ageManulex_m,longMotOrtho_m,maas_lemma_i,cycle
X,se1fs02,0.405175102818625,5.41053511705686,17.6613712374582,6.51633986928105,6.43343653250774,5.58759464521212,premier
X,se1fs03,0.461669300936347,4.92626262626263,16.0909090909091,6.68439716312057,6.63486842105263,5.49337735323071,premier
N,se1fs05,0.477979662239812,4.61123595505618,12.2921348314607,6.3719512195122,6.29651162790698,4.96256898956292,premier
N,se1fs06,0.335994889424811,6.06220379146919,23.9875592417062,6.56926952141058,6.58156028368794,5.86103907335995,premier
X,se1fs08,0.421490696730273,4.90675990675991,12.8554778554779,6.55797101449275,6.31292517006803,4.79906067600304,premier
X,se1fs11,0.43824289896272,5.26651480637813,14.9589977220957,6.53703703703704,5.74705882352941,4.94908372032389,premier
X,se1fs12,0.424995433478559,4.45021645021645,10.8268398268398,6.48192771084337,6.21428571428571,4.23913998300349,premier
N,se1gp-2,0.447564044979469,4.74264705882353,15.7704248366013,6.41522491349481,6.10289389067524,5.5289284702925,premier
N,se1gp-4,0.44904832404713,4.75211949939443,14.2971336293904,6.44567219152855,6.35512367491166,6.15450959436897,premier
X,se1gp-5,0.320757362612484,7.18959842001317,25.402896642528,6.65952380952381,7.20867768595041,5.97576014888905,premier
N,se1gp-7,0.40409402734022,5.47941342357586,18.980823463057,6.47087378640777,6.3310502283105,5.89547876420777,premier
N,se1gp-8,0.445452087329958,5.05870020964361,17.0111809923131,6.55945945945946,6.50611246943765,5.82408457992419,premier
N,se1gp-9,0.358893066616457,5.80406899601946,22.4444935869084,6.50545454545455,6.35117056856187,6.21715234920008,premier
X,se1gp10,0.338668653966365,6.52697095435685,28.8215767634855,6.58267716535433,6.93917274939173,5.84348125086188,premier
N,se1gp11,0.440684659913988,5.23938572719061,18.3748870822042,6.53767123287671,6.28343949044586,5.54987710416524,premier
X,se1ll01,0.3332703952183,6.26801801801802,24.0945945945946,6.45985401459854,5.84137931034483,4.85145153527918,premier
X,se1mg01,0.3332703952183,6.26801801801802,24.0945945945946,6.45985401459854,5.84137931034483,4.85145153527918,premier
X,se1mg02,0.335377386222632,6.16113744075829,16.9099526066351,6.27058823529412,5.82954545454545,4.37157370070878,premier
X,se1mg05,0.447940926628934,5.99203187250996,17.6254980079681,6.30526315789474,5.62886597938144,4.35859461153862,premier
X,se1mg06,0.296612975520513,7.12666666666667,24.6177777777778,6.59375,6.1030303030303,4.90357750852259,premier
X,se1mg07,0.309330997230815,7.2,29.9846153846154,6.83018867924528,6.47368421052632,3.86671317961656,premier
N,se1mj-2,0.402686645515872,5.64356435643564,20.4684405940594,6.52796420581655,6.28301886792453,5.98273396255718,premier
N,se1mj-4,0.453700591280366,4.87381404174573,14.2960151802657,6.6583850931677,6.68115942028986,5.65532012995115,premier
N,se1mj-5,0.413993098957735,5.01184668989547,16.9560975609756,6.59029649595687,6.52322738386308,5.8172655898845,premier
N,se1pa-1,0.385325932521664,5.04575163398693,18.0196078431373,6.45192307692308,5.76851851851852,5.18848983181533,premier
N,se1pa-3,0.402221374759919,5.69110493398193,19.8523280055594,6.63720930232558,6.67052023121387,6.36349116030457,premier
N,se1pa-5,0.422980907744375,5.06202480992397,17.2068827531012,6.35067437379576,6.19633027522936,6.12289998154738,premier
N,se1pa-7,0.408343058764848,5.83684527393137,19.6827212522577,6.51860465116279,6.26939655172414,5.95229073775376,premier
N,se1pa-9,0.409343071620408,5.49348441926346,18.8543909348442,6.44124700239808,6.26590909090909,5.89126211169434,premier
N,se1pa13,0.41193927086427,5.27987637362637,18.2932692307692,6.45901639344262,6.39719626168224,6.28123080938975,premier
N,se1pa16,0.312995727167752,7.38021978021978,31.6549450549451,6.45183486238532,6.35371179039301,5.95175463622263,premier
N,se1pa25,0.366167075613214,6.21606285464862,23.5482322130074,6.52408477842004,6.66302367941712,6.15231129025403,premier
X,se1vp06,0.362247015609791,7.16151468315301,29.774343122102,6.75235109717868,6.81766381766382,5.69585845805417,premier
X,se1vp08,0.326032274548428,6.78854024556617,28.2353342428377,6.55555555555556,6.38507462686567,5.66231930195436,premier
X,se1vp11,0.3068426010765,6.98481561822126,31.7028199566161,6.49511400651466,6.51384615384615,5.61454340082509,premier
X,se1vp12,0.37267299901568,6.01438848920863,22.6922462030376,6.50177935943061,6.26460481099656,5.48244043344259,premier
X,se1vp25,0.390604190964782,5.84871244635193,23.0268240343348,6.54320987654321,6.29761904761905,5.39731307326292,premier
X,se1vp26,0.427923973803981,5.21994134897361,18.0322580645161,6.44055944055944,6.33774834437086,5.52096566644409,premier
X,se1vp27,0.386902415842494,6.17082294264339,22.5660847880299,6.63063063063063,6.46288209606987,5.28678697598879,premier
X,se1vp30,0.35142242240809,6.42367066895369,24.1123499142367,6.71134020618557,6.92452830188679,5.59483688403756,premier
N,se1xx02,0.354445109484308,5.85429553264605,23.5127147766323,6.48618784530387,6.51554404145078,5.77807686189045,premier
X,se2fs01a,0.350732018957785,6.26298701298701,20.8701298701299,6.51546391752577,6.08,4.50871332186794,premier
X,se2fs01b,0.298718319208577,6.3025641025641,23.2769230769231,6.390625,6.25352112676056,4.07450128163734,premier
X,se2fs01c,0.315777845546501,7.32291666666667,27.375,6.44285714285714,5.90277777777778,4.10494773238428,premier
X,se2fs01d,0.268303249004003,7.14410480349345,43.8951965065502,6.46913580246914,5.97619047619048,4.26217206460195,premier
X,se2fs01f,0.170707737777163,7.58241758241758,51.010989010989,6.54716981132075,5.78947368421053,3.90936516498208,premier
N,se2fs02a,0.387363260896457,6.18473895582329,21.3172690763052,6.38461538461539,6.03614457831325,4.19950636133066,premier
X,se2fs02b,0.364118977439186,7.48290598290598,26.3675213675214,6.45569620253165,5.88235294117647,4.28935296422899,premier
X,se2fs03,0.388659981668594,6.03741007194245,20.5237410071942,6.63098591549296,6.7265625,5.77300545155723,premier
X,se2fs04a,0.305045190460854,7.65798045602606,33.4104234527687,6.44144144144144,6,4.66800667909532,premier
N,se2fs04b,0.298967786345569,5.6078431372549,26.6699346405229,6.28089887640449,5.21428571428571,4.40708736985378,premier
N,se2fs04c,0.43385685044734,5.75462962962963,25.412037037037,6.46153846153846,5.1375,4.24559090806054,premier
N,se2fs04d,0.360422020491267,5.68452380952381,16.452380952381,6.51260504201681,6.25,4.65488642223478,premier
X,se2fs05,0.372120373002431,5.89586305278174,21.6105563480742,6.44554455445545,6.03271028037383,5.19037510092741,premier
N,se2fs06,0.466756878605126,4.76611570247934,14.2619834710744,6.31095406360424,5.69899665551839,5.495367562541,premier
N,se2fs07,0.324873012953116,5.87231920199501,23.5092269326683,6.36992840095465,6.02217294900222,5.9743779186244,premier
N,se2gp-3,0.422604828204577,5.08769633507853,15.5602094240838,6.29857819905213,5.63761467889908,5.20620269974285,premier
N,se2gp-4,0.317095343055405,6.52833243389099,27.2428494333513,6.40493827160494,5.81947743467934,5.85694392245897,premier
N,se2gp-5,0.330874440007301,6.20924738440769,26.4262571717854,6.55696202531646,6.47514619883041,6.34525556536115,premier
N,se2gp-6,0.390727185981032,5.57035102988106,18.1012474615608,6.6380027739251,6.65389527458493,6.51287157886997,premier
N,se2gp-7,0.354568488549283,6.5826359832636,28.2866108786611,6.68503937007874,6.52434456928839,5.40890716277701,premier
N,se2gp-9,0.420625683926681,5.31507136859782,20.169395465995,6.42520612485277,6.36165327210103,6.57907005142003,premier
N,se2gp10,0.471435901621975,4.65962230215827,14.5400179856115,6.35696821515892,6.03512880562061,5.85999350438509,premier
N,se2mg03,0.421158018843028,5.518573551263,15.5482912332838,6.4703196347032,6.64444444444444,5.24734900021888,premier
X,se2mg04,0.376766223727813,6.37007874015748,25.001968503937,6.29496402877698,5.53741496598639,4.81143703149212,premier
N,se2mg06,0.30425346241117,6.33302919708029,22.4388686131387,6.4,6.07288629737609,5.67536287848071,premier
X,se2mg08,0.338338603827096,5.58611111111111,20.0916666666667,6.14018691588785,5.52252252252252,4.58393558230447,premier
N,se2mj-2,0.447755401908556,4.88325409403064,14.8721605916535,6.4,6.05298013245033,5.92898907612853,premier
N,se2mj-3b,0.315871251609305,6.83495145631068,28.5291262135922,6.55,5.74242424242424,4.13498109425821,premier
N,se2mj-3c,0.341806335915182,6.87931034482759,26.9195402298851,6.37142857142857,6.02739726027397,4.036164905761,premier
N,se2mj-3d,0.361654721127903,5.85608856088561,22.8081180811808,6.6,6.72413793103448,4.32711599550829,premier
N,se2mj-4,0.398663959063159,5.81825590872046,23.8158109209454,6.5,6.40100250626566,5.82874178646993,premier
N,se2pa15,0.514400856525825,4.08606060606061,10.6690909090909,6.48257372654156,6.35173299101412,6.46504383112254,premier
N,se2pa24,0.415192166775105,5.36577400391901,18.4944480731548,6.53676470588235,6.44495412844037,5.89434494686866,premier
N,se2xx01,0.358900020205746,5.95627240143369,22.505017921147,6.51282051282051,6.5475040257649,6.27509906377972,premier
N,se2xx02,0.349501081343286,6.37048832271762,24.9734607218684,6.36744186046512,5.63636363636364,5.29115663964637,premier
X,se2xx03,0.323413107376993,6.35691987513007,24.0905306971904,6.3757225433526,6.10112359550562,4.99419512806679,premier
N,se3fs02,0.41998664835831,4.78515858767205,15.7492519449431,6.31875,5.50588235294118,5.63272270950049,deuxieme
N,se3fs03,0.391418209542608,5.23235031277927,18.6514745308311,6.41455696202532,6.11111111111111,5.641529133767,deuxieme
N,se3fs04,0.391028545993223,5.52876911871814,19.2155863073562,6.50505050505051,6.37160120845921,5.62706479334497,deuxieme
N,se3fs06,0.404150943327023,5.23845193508115,17.8258426966292,6.43137254901961,6.21635883905013,5.74513154114166,deuxieme
X,se3mg03,0.271640615833117,6.31443298969072,23.5,6.58666666666667,6.27848101265823,4.12880522100781,deuxieme
X,se3mg04,0.301271301948945,7.46672077922078,34.5462662337662,6.57100591715976,6.48360655737705,5.74037422388274,deuxieme
N,se3mg05,0.364154411698285,5.59190444591904,22.9761114797611,6.47027027027027,6.04303797468354,5.79537048062636,deuxieme
N,se3mg06,0.320376081935792,6.22246220302376,24.1699064074874,6.44836956521739,6.06683804627249,5.81107511393222,deuxieme
X,se3mg07,0.473098510415371,5.76488095238095,20.1681547619048,6.93220338983051,7.08205128205128,5.06067625921704,deuxieme
X,se3mg08,0.353188743130706,6.0117728531856,23.2229916897507,6.70602409638554,7.02439024390244,5.93005555955682,deuxieme
N,se3mg10,0.413805389162417,5.58454810495627,18.2857142857143,6.45070422535211,6.27391304347826,5.23672110430808,deuxieme
X,se3mg12,0.263332393476604,5.93174603174603,24.5031746031746,6.6524064171123,6.57004830917874,5.1709828058089,deuxieme
X,se3mg13,0.354146983927989,6.26448598130841,22.9922118380062,6.50207468879668,6.7229862475442,6.00663874221103,deuxieme
X,se3mg14,0.276381698521032,7.4423305588585,33.0356718192628,6.55294117647059,6.33088235294118,5.42408580284489,deuxieme
X,se3mg16,0.348180340505223,6.375,26.3471074380165,6.51153846153846,6.51601423487544,5.43849466282374,deuxieme
X,se3mg19,0.345832318784657,6.34786399302528,27.0945945945946,6.76344086021505,6.91954022988506,6.04649782478995,deuxieme
N,se3mg51,0.372649686519287,5.68982387475538,21.5014677103718,6.34792626728111,5.86129753914989,5.91283884366048,deuxieme
N,se3mg54,0.33895125108347,6.60397268777157,29.1747361887027,6.47352496217852,6.47033285094067,6.3468559783702,deuxieme
N,se3mg55,0.346476581070841,6.48022015823873,26.8689370485036,6.55035971223022,5.97310924369748,6.19620055621019,deuxieme
N,se3mg56,0.429491401745683,5.04513009440479,17.1897306009671,6.52908587257618,6.40185676392573,6.41699876118506,deuxieme
N,se3mg57,0.386407058593577,5.37058674117348,19.1127762255525,6.54428571428571,6.56724367509987,6.41277256157649,deuxieme
N,se3mg58,0.372485509509612,5.68015414258189,22.5576107899807,6.30676328502415,5.84651162790698,5.81484300561115,deuxieme
N,se3mg60,0.388087098031557,6.80244755244755,28.4493006993007,6.38541666666667,5.77615571776156,5.78627379463308,deuxieme
N,se3mj-2,0.360951177000902,5.92181722134179,20.9017432646593,6.45232815964523,6.36458333333333,5.97362602789425,deuxieme
X,se3mj-3,0.318067368186805,7.17900790797987,26.2027318475917,6.66556291390728,6.63914373088685,5.62610964367772,deuxieme
X,se3mj-5,0.334216412159211,6.44757609921082,25.9943630214205,6.63725490196078,6.63595839524517,6.34511345731382,deuxieme
X,se3mj57,0.303945301670584,6.74136715997181,29.1092318534179,6.46525679758308,6.35057471264368,5.76490770892782,deuxieme
X,se3mj58,0.264247656813199,7.41896272285251,32.6401944894652,6.75872093023256,7,5.77645534907843,deuxieme
X,se3mj59,0.400007266785465,6.01702442635085,23.2701702442635,6.56214689265537,6.6968085106383,5.69609534362128,deuxieme
N,se3xx01,0.339663622358385,6.19759341355288,24.65801139962,6.40443213296399,5.86737400530504,5.73450485465929,deuxieme
X,se3xx05,0.27384379140431,8.1332280147446,33.9736703528173,6.67578947368421,7.03646833013436,6.0832215177985,deuxieme
N,se4fs02,0.352406928145837,5.94929840972872,24.5638914873714,6.74691358024691,6.69874879692012,6.77033502097302,deuxieme
N,se4fs03,0.410650622924674,5.25614327363598,18.1516034985423,6.43251088534107,6.30081300813008,6.41186258981998,deuxieme
N,se4fs04,0.437190525572815,5.03583389149364,17.1068318821165,6.2993762993763,6.04873294346979,6.04563548779887,deuxieme
X,se4fs05,0.331598316930954,6.46979865771812,25.2701342281879,6.37414965986395,5.67307692307692,4.84673331998801,deuxieme
X,se4fs08,0.297038528074155,8.5,36.2578125,6.76969696969697,6.41847826086957,5.03688043571397,deuxieme
X,se4fs10,0.362594336980047,5.92459826946848,22.9048207663782,6.65566037735849,6.61085972850679,5.27111791783723,deuxieme
X,se4mg03,0.409486475999475,6.08349514563107,23.0427184466019,6.57746478873239,6.46540880503145,4.95961603729458,deuxieme
X,se4mg04,0.390730479173229,5.54823747680891,19.4925788497217,6.50180505415162,6.24652777777778,5.48122123106526,deuxieme
N,se4mg05,0.375591772970335,5.92132058006788,24.5652576365319,6.6431654676259,6.49006622516556,6.45068307799661,deuxieme
N,se4mg06,0.439032522985202,4.87159792953749,15.4109200200367,6.45454545454545,6.11447368421053,6.42323807143545,deuxieme
N,se4mg07,0.405720946990365,5.83557361675524,21.032197561738,6.49090909090909,6.37195994277539,6.36069369554723,deuxieme
X,se4mg08,0.337428574890168,6.94339622641509,26.9853249475891,6.6085626911315,6.54820936639118,5.70493669481474,deuxieme
N,se4mg09,0.47265375290393,3.93617606602476,10.7526822558459,6.35650224215247,5.98343685300207,6.02748886531726,deuxieme
X,se4mg13,0.31140866761024,6.85969084423306,35.1307966706302,6.7063829787234,6.65217391304348,5.3939748815664,deuxieme
X,se4mg14,0.322898367643435,6.65450861195542,31.9554204660588,6.62773722627737,6.72635135135135,5.51534664192679,deuxieme
N,se4mg15,0.329097266645291,6.3712962962963,27.2898148148148,6.49438202247191,6.08650519031142,5.45933631603974,deuxieme
N,se4mg17,0.362038981370843,5.75043936731107,22.6842413591095,6.53221288515406,6.46276595744681,5.80242435265969,deuxieme
X,se4mg19,0.328902907888528,6.68510158013544,28.9176072234763,6.64102564102564,6.85046728971963,5.17722750276918,deuxieme
X,se4mg20,0.400244762595662,6.43024390243902,22.3463414634146,6.76612903225806,6.79335793357934,5.43539552764143,deuxieme
X,se4mg23,0.357897171369118,6.18592781625957,24.3740430185928,6.59090909090909,6.51142355008787,6.14774140240676,deuxieme
N,se4mg27,0.368891482028346,5.7117675083373,21.3425440686041,6.55449330783939,6.49280575539568,6.13968572426852,deuxieme
N,se4mg29,0.426567841541424,4.76522842639594,14.75,6.33618843683084,6.19803921568627,6.03797973514353,deuxieme
N,se4mg30,0.371964478171297,5.49265750828991,19.9748934154429,6.57511737089202,6.57478632478632,6.00789004129955,deuxieme
N,se4mg33,0.371880555940826,5.91942682640357,22.2905802208128,6.55286624203822,6.40559440559441,6.55118609153498,deuxieme
N,se4mg34,0.299240162324553,7.00250208507089,36.2648040033361,6.60988074957411,6.60380348652932,6.26302813504847,deuxieme
X,se4mj-1,0.388018096864364,6.0539541759054,22.7716186252772,6.6838905775076,6.96246648793566,5.77280431190235,deuxieme
N,se4mj-4,0.292282456005206,7.33970276008493,37.7061571125265,6.63008849557522,6.64412238325282,6.27694845638069,deuxieme
X,se4mj-5,0.399843636795346,5.14955357142857,16.9300595238095,6.64098073555166,6.48401826484018,6.36553296815755,deuxieme
X,se4mj56,0.358648151123665,6.32693461307738,23.8650269946011,6.73015873015873,6.92161520190024,5.83620317931428,deuxieme
N,se4mj57,0.386498595236092,5.82549187339607,21.6703165098375,6.60918367346939,6.65314009661836,6.75807819347424,deuxieme
N,se4mj58,0.472715625748167,4.4510833880499,13.8082731451083,6.45528455284553,6.13054830287206,5.75281725212789,deuxieme
N,se4mj60,0.350934195658235,6.17068645640074,24.6625695732839,6.60822249093108,6.48542600896861,6.61786062242903,deuxieme
N,se4pa11,0.441187280701315,4.58315125030347,14.3316338917213,6.42748091603053,6.2230303030303,6.53204804825309,deuxieme
N,se4xx02,0.363506410369604,5.69726775956284,20.7885245901639,6.36756756756757,6.12953367875648,5.75245366017082,deuxieme
N,se5eu92,0.398612121246328,5.61949877750611,19.3777506112469,6.41390205371248,6.08567208271787,6.33748204723053,deuxieme
X,se5fs05,0.357365030295616,5.47087378640777,18.7184466019417,6.43783783783784,6.3248730964467,5.08736403544509,deuxieme
X,se5fs07,0.261553070863256,7.87784679089027,35.0828157349897,6.92013888888889,6.94080996884735,5.58018807247384,deuxieme
X,se5fs08,0.363647024808802,6.60975609756098,30.530487804878,6.48427672955975,6.33333333333333,5.01179470808015,deuxieme
X,se5mg03,0.213283370105138,10.5211665098777,50.7206020696143,6.77647058823529,6.81951219512195,5.08678245403716,deuxieme
X,se5mg04,0.281949285035317,9.43453070683662,39.539976825029,6.78260869565217,6.44692737430168,5.10582908144881,deuxieme
X,se5mg06,0.258747757557195,6.90694006309148,34.4463722397476,6.71724137931034,6.58974358974359,5.10873531717511,deuxieme
X,se5mg07,0.292278916453854,6.80916030534351,28.2442748091603,6.78823529411765,5.65168539325843,4.23596837680713,deuxieme
X,se5mg10,0.387030031270657,5.2568058076225,19.55444646098,6.51908396946565,6.38947368421053,5.50161146023132,deuxieme
N,se5mg11,0.441544507186609,5.39491398653702,17.9985041136874,6.30801687763713,5.49800796812749,5.29017879776882,deuxieme
X,se5mg12,0.405789906204787,6.65079365079365,21.9931972789116,6.59375,6.58974358974359,5.41405001188514,deuxieme
X,se5mg13,0.315444721806929,6.93393057110862,28.2318029115342,6.70982142857143,6.40562248995984,5.30968438226171,deuxieme
N,se5mg14,0.422211962202912,5.01422319474836,17.1542669584245,6.56626506024096,6.06737588652482,5.44554364520705,deuxieme
X,se5mg15,0.271016419012319,8.59303482587065,35.2358208955224,6.47169811320755,6.34306569343066,5.44993506942075,deuxieme
N,se5mg16,0.336202455317972,6.12661737523105,26.7236598890943,6.5724907063197,6.34113712374582,5.53082489335761,deuxieme
X,se5mg17,0.287090677829342,8.03448275862069,29.9334975369458,6.69417475728155,6.79574468085106,5.25336289223022,deuxieme
X,se5mg18,0.346328304711739,5.56644518272425,20.6162790697674,6.43820224719101,6.29166666666667,5.06077121664109,deuxieme
X,se5mg22,0.315185020884663,6.29859484777518,26.9473067915691,6.78333333333333,6.7859778597786,5.4127900726948,deuxieme
X,se5mg23,0.376372440279893,6.00153491941673,20.6224098234843,6.72492836676218,6.93417721518987,5.7944329317655,deuxieme
X,se5mg24,0.347035808004118,5.67728237791932,20.796178343949,6.54804270462633,6.61237785016287,5.51505890406861,deuxieme
X,se5mg27,0.243879680805081,9.43571428571429,44.3178571428571,6.72972972972973,6.87203791469194,5.17077141799288,deuxieme
X,se5mg29,0.319569147949645,6.20053120849934,26.1128818061089,6.66019417475728,6.85201793721973,5.1570861886394,deuxieme
X,se5mg30,0.347451705768469,6.32271584241408,25.5624476110645,6.62328767123288,6.57492354740061,5.6889121463431,deuxieme
X,se5mg31,0.415095198156931,5.09528795811518,16.2450261780105,6.58964143426295,6.07942238267148,5.41722933676076,deuxieme
X,se5mg32,0.289546687377454,8.33680981595092,36.240490797546,6.83376623376623,7.10926365795724,5.84376823075412,deuxieme
N,se5mg51,0.320973599708697,6.90420459471175,29.395752058951,6.43984962406015,6.12105263157895,6.18606753515819,deuxieme
N,se5mg52,0.300685075629135,7.9450156459544,38.228430934287,6.43273542600897,6.17327766179541,5.97167543384681,deuxieme
N,se5mg54,0.415762116243518,5.23640256959315,17.4817987152034,6.57735247208931,6.47344461305008,6.31717196618764,deuxieme
N,se5mg56,0.320498230065032,6.44021294021294,27.04095004095,6.75862068965517,6.64461538461538,6.29469256061778,deuxieme
N,se5mg57,0.398702381743636,5.27288810260946,18.3180008845644,6.48717948717949,6.46915887850467,6.10052751237651,deuxieme
N,se5mg59,0.307966175871318,7.13392857142857,30.5633116883117,6.56666666666667,6.55967741935484,6.21020062648399,deuxieme
X,se5mj-1,0.348260532756993,6.9273127753304,27.5605726872247,6.74377224199288,6.92786885245902,5.56325789953406,deuxieme
X,se5mj-3,0.262345790396495,8.84671532846715,40.4493106244931,6.66666666666667,6.85795454545455,5.66280759009408,deuxieme
N,se5mj57,0.476900340509423,4.96802325581395,15.0190568475452,6.48037676609105,6.07634730538922,6.30624509112118,deuxieme
N,se5mj58,0.419560256666797,5.18100799016595,17.8048555623848,6.45391304347826,6.30858085808581,6.20699156129833,deuxieme
N,se5mj59,0.395647023868005,5.78393665158371,19.6036953242836,6.70127795527157,6.75766016713092,6.4153108115029,deuxieme
N,se5xx04,0.429988390434114,5.08380219129405,15.6887770210246,6.48466257668712,6.40283687943262,6.37549043676925,deuxieme
X,se5xx06,0.279671251216738,7.28115653040877,30.5353938185444,6.83154121863799,7.14983713355049,5.51378096074068,deuxieme
X,se5xx07,0.374423277388413,7.21416083916084,26.6136363636364,6.54166666666667,6.453125,5.34072690589917,deuxieme
X,se5xx08,0.351548332634075,6.272,23.4471111111111,6.5,6.52159468438538,5.52491613666847,deuxieme
X,se5xx10,0.384298785953046,6.86534653465347,26.580198019802,6.73952095808383,6.96286472148541,5.77540836249103,deuxieme
X,se5xx11,0.393614342619834,5.64468580294802,20.3242823894492,6.52577319587629,6.6981981981982,5.22521749736934,deuxieme
N,sec1_ange_1,0.404555391643246,5.9171528588098,21.5507584597433,6.62300319488818,6.37082066869301,5.603590385011,premier
N,sec1_ange_2,0.411100450908081,5.44965517241379,18.8137931034483,6.39004149377593,5.95669291338583,5.35076973592606,premier
X,sec1_avantageux,0.311112030731551,5.66174496644295,26.9919463087248,6.41452991452991,6.2448132780083,5.34280979163133,premier
X,sec1_betes_sport,0.39115574652395,5.46464646464646,21.1636363636364,6.64745762711864,6.9622641509434,5.5763626725768,premier
N,sec1_bounty,0.27233843313953,7.06314580941447,27.7049368541906,6.65399239543726,6.60283687943262,5.48827668747729,premier
X,sec1_bounty,0.27233843313953,7.06314580941447,27.7049368541906,6.65399239543726,6.60283687943262,5.48827668747729,premier
N,sec1_chien,0.363493378246301,6.43951985226223,24.3915050784857,6.51524390243902,6.09356725146199,5.62299047814574,premier
X,sec1_enfance,0.337475265605604,6.58224016145308,26.1685166498486,6.45367412140575,6.37202380952381,5.62380689235902,premier
X,sec1_equipage_brigands,0.488210532136729,6.37117903930131,24.8777292576419,6.71111111111111,6.2680412371134,4.3614658005361,premier
N,sec1_frankenstein,0.375528974001149,6.37961926091825,26.1545352743561,6.97029702970297,7.22873900293255,5.63976709815587,premier
N,sec1_journee_pas,0.331372368443073,6.29893238434164,25.4359430604982,6.34848484848485,5.97630331753555,5.14747094457858,premier
X,sec1_julesverne,0.363212353186948,5.3848167539267,20.1086387434555,6.41441441441441,6.23144104803493,5.34256204175844,premier
X,sec1_mars_planete,0.289219424088508,6.13503649635036,24.7883211678832,6.67924528301887,6.35135135135135,4.55572292495745,premier
N,sec1_maya,0.463946402318322,5.04421326397919,16.2340702210663,6.21518987341772,5.572,5.32876063684538,premier
X,sec1_merveille,0.365067383644639,6.10294117647059,24.1512605042017,6.61666666666667,6.41361256544503,5.0666318964881,premier
X,sec1_mesopotamie,0.406744286017846,5.70232558139535,18.415503875969,6.71428571428571,6.97549019607843,5.14608408869394,premier
X,sec1_nord,0.353249227902581,5.70016207455429,23.3290113452188,6.52604166666667,6.18627450980392,5.18368292090384,premier
X,sec1_peur,0.458421356604729,5.27586206896552,19.1781609195402,6.61481481481481,6.2887323943662,4.72345495992852,premier
N,sec1_photos_1,0.372777358823393,5.36530880420499,18.0328515111695,6.26923076923077,5.85833333333333,5.31098330227193,premier
N,sec1_retrouvailles,0.340977678448766,6.42786069651741,26.7044776119403,6.33546325878594,6.04545454545455,5.61923175438849,premier
X,sec1_sables_bitu,0.415191043638631,5.91913746630728,19.4770889487871,6.79801324503311,6.96625766871166,5.58589142394555,premier
X,sec1_surveillance,0.390741824873786,5.70904645476773,20.0244498777506,6.52830188679245,6.76436781609195,4.93422926790677,premier
X,sec1_tintin,0.228523576293121,6.56474820143885,33.910071942446,6.59615384615385,6.95575221238938,4.59045205638951,premier
X,sec2_alibis,0.446658092701914,6.69973190348525,25,6.73825503355705,6.59880239520958,4.95190221758294,premier
X,sec2_alligator,0.276058240359778,7.13492063492064,35.2976190476191,6.67241379310345,6.2258064516129,4.64566919099469,premier
X,sec2_braconage,0.41791557422751,5.39955849889625,19.1203090507726,6.5859649122807,6.74666666666667,5.51134460443908,premier
X,sec2_cinema_hier,0.401076010924986,5.64029850746269,20.4716417910448,6.61946902654867,6.48523206751055,5.25723678201237,premier
N,sec2_cora,0.367598951015345,5.87529137529138,23.0606060606061,6.48780487804878,6.17889908256881,5.1796262721776,premier
N,sec2_cosette_1,0.375682957744344,5.05112781954887,20.6421052631579,6.48068669527897,5.75527426160338,5.26367714733342,premier
N,sec2_cosette_2,0.39202230943593,5.46765498652291,20.5579514824798,6.37333333333333,6.09205020920502,5.29122765766324,premier
X,sec2_drole_carcasse,0.324636534633384,6.11271676300578,28.5433526011561,6.688,6.08208955223881,4.72173336631015,premier
N,sec2_enlevement_1,0.432136606785901,4.87404580152672,14.8193384223919,6.44705882352941,5.98876404494382,5.41397962561515,premier
N,sec2_enlevement_2,0.436630882979529,4.92042186001918,15.6251198465964,6.57142857142857,6.36857142857143,5.67324416457602,premier
N,sec2_exil,0.438865422679613,4.98152812762385,16.6481947942905,6.58516483516483,6.17241379310345,5.73400579624035,premier
X,sec2_fils_singe,0.438218144990148,5.19101123595506,14.9588014981273,6.53508771929825,5.57983193277311,4.59322045131918,premier
X,sec2_heros_canins,0.347904540341487,6.48736842105263,23.9621052631579,6.49420849420849,6.54035087719298,5.48407389560263,premier
X,sec2_jane_renard_moi,0.517013239294567,5.93436293436293,20.1042471042471,6.47524752475248,6.40740740740741,4.51123254543054,premier
X,sec2_jardin_baobab,0.243270230301226,7.984375,45.6213942307692,6.51792828685259,6.04059040590406,5.44236638693307,premier
X,sec2_lecture,0.308907397477459,6.25944584382872,23.8438287153652,6.58741258741259,6.44585987261147,4.8523823089247,premier
N,sec2_lettre_chine_1,0.391458253029262,5.44926108374384,20.5349753694581,6.50152905198777,6.42465753424658,5.73611959104523,premier
X,sec2_livre_ecran_2,0.383552259872408,7.27649208282582,25.4202192448234,6.53603603603604,6.31196581196581,5.22718397023647,premier
X,sec2_louis_garneau,0.395594719454342,5.75291545189504,22.2813411078717,6.6140350877193,6.51219512195122,5.78685359465181,premier
N,sec2_migration_gnous,0.420404659451612,4.7590618336887,15.3304904051173,6.56875,6.54117647058824,4.93834730454347,premier
X,sec2_mina_hubbard,0.295833131636245,5.62314540059347,30.3709198813056,6.63709677419355,6.47727272727273,4.75517826155281,premier
X,sec2_mines_anti,0.399082101154694,6.07666666666667,22.16,6.68518518518519,7.00854700854701,5.66811467496316,premier
N,sec2_nelligan,0.373177383073562,6.61368653421634,23.0883002207506,6.66292134831461,6.42857142857143,5.49045429209258,premier
N,sec2_palabras,0.406370962041539,5.3925855513308,18.0342205323194,6.46428571428571,6.39660056657224,5.69663935550489,premier
X,sec2_plongeon,0.28735405213072,6.46607669616519,25.8967551622419,6.55813953488372,6.19718309859155,4.76907421063655,premier
X,sec2_pollution_lumineuse,0.354192062967741,6.60640732265446,24.3867276887872,6.43125,6.30057803468208,4.92602140003904,premier
N,sec2_quebec_chansons_2,0.356127017852753,6.34001823154057,27.7793983591613,6.37741935483871,5.94444444444444,5.69405636162217,premier
N,sec2_route_chiffa,0.246274930165694,7.28478543563069,34.9869960988296,6.77966101694915,6.66666666666667,5.39328665527312,premier
N,sec2_sourires,0.331734881675764,6.1057268722467,24.5418502202643,6.43312101910828,5.92073170731707,4.99380715163735,premier
X,sec3_10_materiaux,0.375273682807657,6.14529914529915,24.4957264957265,6.42682926829268,6,4.9979343017515,deuxieme
N,sec3_adolescent_insousciant_1,0.287784943369882,7.01384615384615,31.5184615384615,6.77976190476191,6.9025641025641,5.10643110682442,deuxieme
N,sec3_adolescent_insousciant_2,0.402655983434462,5.51605231866825,21.5243757431629,6.78,6.76071428571429,5.44652647070009,deuxieme
X,sec3_amy_whin_1,0.341515581185195,7.06862745098039,30.9453781512605,6.625,6.468,5.28623998073493,deuxieme
X,sec3_balayeur,0.359976181391751,6.92240543161979,30.1901066925315,6.54848484848485,6.61671469740634,5.64578356118555,deuxieme
X,sec3_bosse_dromadaire,0.279245410435537,6.58333333333333,31.6287878787879,6.54285714285714,5.93636363636364,4.50206246364769,deuxieme
N,sec3_chemin_loisirs,0.444130419907361,4.77984758679086,15.1033022861981,6.65384615384615,6.59124087591241,5.85643077540518,deuxieme
N,sec3_clara_hughes,0.466776633770668,5.02491103202847,16.8398576512456,6.44859813084112,5.63963963963964,4.51765925330165,deuxieme
X,sec3_difference,0.312455990110428,6.68425605536332,31.2240484429066,6.67701863354037,7.1267217630854,5.73733991304521,deuxieme
X,sec3_ecrans,0.305132101940136,6.82506527415144,28.6553524804178,6.56140350877193,6.63114754098361,4.64481321194746,deuxieme
N,sec3_elisa,0.300230199188289,7.33405172413793,36.2273706896552,6.28936170212766,5.93827160493827,5.27018429242476,deuxieme
X,sec3_francais_quebecois_2,0.330415682789605,6.28941441441441,25.5731981981982,6.70229007633588,7.21283783783784,5.49000559317904,deuxieme
X,sec3_gabrielleroy_1,0.288889816299666,7.30812854442344,35.4423440453686,6.52492668621701,6.58196721311475,5.70170848302527,deuxieme
X,sec3_gabrielleroy_2,0.303486491828426,7.81309398099261,32.9292502639916,6.44370860927152,6.1583850931677,5.54831673146808,deuxieme
X,sec3_generationpognon_1,0.350202362913459,6.43226473629783,27.7197518097208,6.6219512195122,6.9330985915493,5.48186465182468,deuxieme
X,sec3_generationpognon_2,0.365522018652851,6.11390134529148,20.9650224215247,6.73559322033898,7.00607902735562,5.62187303108299,deuxieme
X,sec3_mystere_chatouille,0.444762121454775,5.45945945945946,19.4,6.73913043478261,6.54545454545455,4.15433452948453,deuxieme
N,sec3_notaire,0.369421294556073,5.43409915356711,25.2103990326481,6.49159663865546,6.36575875486381,5.38429590720697,deuxieme
X,sec3_pourquoi_gros,0.390210830372933,6.65269461077844,22.2125748502994,6.425,6.38518518518519,4.75276172103573,deuxieme
N,sec3_pourquoi_musique,0.389365331225333,6.55586592178771,25.8445065176909,6.54,6.57401812688822,5.62848547447125,deuxieme
X,sec3_pourquoi_naufrages,0.393971509382614,6,21.1551724137931,6.56603773584906,6.57142857142857,4.57123339761906,deuxieme
X,sec3_raz_de_maree_1,0.337921714836617,5.6917885264342,23.1316085489314,6.47791164658635,6.2377358490566,5.42832433525429,deuxieme
X,sec3_raz_de_maree_2,0.420314566048475,6.37142857142857,26.3035714285714,6.5025641025641,6.44700460829493,5.17508550433721,deuxieme
N,sec3_rocher_perce,0.401219389485156,5.6625,21.475,6.49321266968326,6.12334801762115,5.24180440825867,deuxieme
N,sec3_thirm_1,0.431549425757144,5.94258373205742,21.7167464114833,6.49691358024691,6.30701754385965,5.63949569431885,deuxieme
X,sec4_alimentation_bio,0.352834112733229,5.38461538461539,21.9368131868132,6.35897435897436,5.96240601503759,4.68927308350286,deuxieme
N,sec4_chaos,0.338624310082727,6.42509603072983,28.336747759283,6.73660714285714,6.87966804979253,5.31530401633239,deuxieme
X,sec4_chaos_silence,0.348274622163746,6.6411332633788,24.5330535152151,6.35714285714286,6.57421875,5.42761920335131,deuxieme
N,sec4_cri_silence,0.21415687194998,6.4005376344086,29.6989247311828,6.42335766423358,6.09677419354839,4.84355947053904,deuxieme
X,sec4_dopage_intellect,0.359356931105281,6.08606921029281,22.9707187222715,6.6986301369863,7.07396449704142,5.63820463773575,deuxieme
X,sec4_fin_ere_plastique,0.340155797135527,6.262341325811,22.9210155148096,6.77884615384615,6.9620253164557,5.27547391438512,deuxieme
N,sec4_hush_hush,0.372594570473373,5.8599348534202,23.4983713355049,6.71559633027523,6.42857142857143,4.61222907908964,deuxieme
X,sec4_medias_sociaux,0.361538657273259,7.78702807357212,34.7250726040658,6.65779467680608,7.15409836065574,5.51010661058566,deuxieme
X,sec4_medias_sociaux_emploi,0.333719052437218,8.04924242424242,32.145202020202,6.75,7.15057915057915,5.35415745822428,deuxieme
N,sec4_moment_verite,0.3747779084803,5.75161290322581,21.6172043010753,6.56183745583039,6.34193548387097,5.52085899300554,deuxieme
X,sec4_monde_secret_1,0.34636683419588,6.45798707294552,27.9132040627886,6.55660377358491,6.47091412742382,5.73135653748703,deuxieme
X,sec4_monde_secret_2,0.433708992445922,5.1534144059869,16.666978484565,6.53846153846154,6.41689373297003,5.72434640590967,deuxieme
X,sec4_nager_gaza,0.403661833288491,5.84942363112392,22.2665706051873,6.54545454545455,6.79474940334129,5.84547140150093,deuxieme
X,sec4_paul_metro,0.351438763392495,6.94034090909091,34.3551136363636,6.41911764705882,5.93103448275862,4.80175475690826,deuxieme
X,sec4_poignante,0.413763762331912,5.14462081128748,19.5784832451499,6.56284153005465,6.15228426395939,5.09356465704484,deuxieme
N,sec4_quatuor_1,0.379155945696755,5.43816631130064,20.3422174840085,6.46643109540636,6.27210884353742,5.47426310205339,deuxieme
N,sec4_quatuor_2,0.430636916410805,5.01904761904762,17.1608465608466,6.4135593220339,6.15737704918033,5.51793537928097,deuxieme
X,sec4_spielberg,0.381550016549124,5.24448529411765,21.5569852941176,6.61494252873563,6.45177664974619,5.09292381947699,deuxieme
X,sec4_traumatismes_craniens,0.356538465441633,5.79977876106195,20.9369469026549,6.57677902621723,6.56949152542373,5.50766533308517,deuxieme
X,sec4_travers_industrie_textile,0.369902252421373,6.55483870967742,24.9247311827957,6.71538461538462,6.90425531914894,5.45682963965905,deuxieme
X,sec4_vie_privee,0.343895047593786,6.2742474916388,22.8745819397993,6.78,7.16086956521739,5.25246874351437,deuxieme
N,sec4_vrai_regal,0.338076094590934,7.55401662049861,39.7063711911357,6.65248226950355,6.34210526315789,4.84513834174826,deuxieme
X,sec5_1000_diplome,0.463733983086362,5.22199170124481,17.2396265560166,6.59913793103448,6.1640625,5.38940280217186,deuxieme
X,sec5_abolissons_1,0.322385420737468,6.20765832106038,30.5493372606775,6.59240506329114,6.55889145496536,5.89282799122938,deuxieme
X,sec5_abolissons_2,0.408277146282732,5.51395139513951,20.1449144914491,6.67663043478261,6.72524752475248,5.83270048443992,deuxieme
X,sec5_art_defendre,0.402828043983035,6.52400835073069,26.0960334029228,6.61176470588235,6.26666666666667,4.9614413398695,deuxieme
X,sec5_banalisation_crime,0.401677595772565,5.8111753371869,22.5125240847784,6.71345029239766,6.73529411764706,5.10951426622037,deuxieme
X,sec5_bonne_chance,0.3451632386224,6.69367088607595,23.326582278481,6.49350649350649,6.28301886792453,4.85431377814766,deuxieme
X,sec5_caire,0.355509723979682,5.53460207612457,22.8961937716263,6.53932584269663,6.6875,5.07743989768539,deuxieme
N,sec5_carnet_douglas_2,0.354500656028529,6.63989290495315,26.4899598393574,6.45652173913043,6.2320819112628,5.49245779190247,deuxieme
N,sec5_chambre_1,0.414539158654527,5.90899795501022,21.7137014314928,6.55192878338279,6.37602179836512,5.69541961861243,deuxieme
N,sec5_chambre_2,0.362730266389558,6.01146131805158,20.0358166189112,6.6468253968254,6.28888888888889,5.40043622548728,deuxieme
X,sec5_cri_alerte,0.345954814143648,7.19431279620853,28.4018957345972,6.51702786377709,6.55813953488372,5.63620003529608,deuxieme
X,sec5_crise_pronominale,0.333322122009238,6.92492012779553,27.0607028753994,6.43406593406593,6.2,5.06902426071265,deuxieme
X,sec5_critiques_ps,0.352896979274389,6.00898587933248,20.3414634146341,6.63636363636364,6.48708487084871,5.43260395138526,deuxieme
X,sec5_decrochage,0.328824414982993,6.25298804780877,26.8874501992032,6.76923076923077,6.68846153846154,5.42172323953518,deuxieme
N,sec5_dracula,0.366917300183127,5.54978723404255,21.103829787234,6.49731182795699,6.35368956743003,5.78673553965977,deuxieme
X,sec5_eloge_paresse,0.289641231554866,7.02305475504323,33.6368876080692,6.5,6.1063829787234,4.73564127543404,deuxieme
X,sec5_encore_sacs,0.37654157321309,5.66666666666667,20.7010752688172,6.53658536585366,6.2007299270073,5.39968381053039,deuxieme
X,sec5_fanatisme,0.303680931164825,7.57188498402556,27.8594249201278,6.41739130434783,6.312,4.67659573840209,deuxieme
X,sec5_faune_mexique,0.334443199744343,6.75955056179775,25.2404494382022,6.80952380952381,6.49640287769784,4.76681931571699,deuxieme
X,sec5_hockey,0.347303942986929,6.63399209486166,28.7328063241107,6.703125,6.82432432432432,5.69743362336394,deuxieme
X,sec5_immigration_clandestine,0.273269844292309,8.14857142857143,30.5885714285714,6.56804733727811,6.79581151832461,5.06209283850014,deuxieme
X,sec5_lettre_chien,0.367047145015272,4.83783783783784,25.2186732186732,6.39130434782609,5.8,4.79281765322039,deuxieme
X,sec5_lettre_ouverte,0.371695136057667,5.87422360248447,21.3819875776398,6.59223300970874,6.39035087719298,5.24414597550416,deuxieme
N,sec5_logeuse,0.275053297149906,7.11633663366337,30.9207920792079,6.35416666666667,5.53896103896104,4.87974676897357,deuxieme
N,sec5_manon,0.333939065858121,7.21557971014493,29.2210144927536,6.51758793969849,6.10144927536232,5.14891549318922,deuxieme
X,sec5_marijuana_1,0.298820688788155,7.34054054054054,31.7824324324324,6.48101265822785,6.45283018867925,5.37000579974452,deuxieme
X,sec5_marijuana_2,0.292830303394958,8.70310559006211,44.5167701863354,6.49802371541502,6.3,5.3872036629134,deuxieme
X,sec5_medias,0.314499251178133,5.69166666666667,24.0202380952381,6.6,6.5700325732899,5.55853689947213,deuxieme
X,sec5_messages_douteux,0.296905216067714,10.1963636363636,28.8509090909091,6.29807692307692,5.99090909090909,4.49693524437637,deuxieme
X,sec5_microbes,0.247625020459543,6.1892797319933,43.3249581239531,6.76216216216216,6.33809523809524,5.15811065700983,deuxieme
N,sec5_miserables,0.362049496452779,5.75996015936255,28.8386454183267,6.47727272727273,6.29166666666667,5.63263704974968,deuxieme
X,sec5_nature_opinions,0.321917443832518,8.51718213058419,30.9939862542955,6.64505119453925,6.5591054313099,5.5243523381332,deuxieme
X,sec5_nouvelle_guerre,0.417351429263637,4.96709323583181,16.7605118829982,6.58100558659218,6.92610837438424,5.13978821977958,deuxieme
X,sec5_pratiques_encadrer,0.390281924880915,7.5,22.2654867256637,6.40476190476191,6.15555555555556,4.34256541674529,deuxieme
X,sec5_radar_photo_1,0.326941036868527,6.74645390070922,30.3368794326241,6.57142857142857,6.50276243093923,4.99781124068899,deuxieme
X,sec5_radar_photo_2,0.33544585388475,6.90783410138249,28.4700460829493,6.63934426229508,6.83455882352941,5.37331817953721,deuxieme
X,sec5_robert_lacroix,0.316489745095031,6.95157068062827,28.8664921465969,6.71162790697674,6.65106382978723,5.27107526459762,deuxieme
X,sec5_route_sacrifice,0.24751068567207,8.58411214953271,41.714953271028,6.70044052863436,6.476,5.38639841742499,deuxieme
X,sec5_salon_livre,0.292522743943148,6.65494296577947,27.9543726235741,6.55147058823529,6.57516339869281,5.58064764566248,deuxieme
X,sec5_soutanes_vertes,0.252636138081133,8.72205438066465,42.6117824773414,6.65158371040724,6.72265625,5.34507568635792,deuxieme
X,sec5_strates_foret,0.301195624086506,6.71244635193133,28.9549356223176,6.525,6.56593406593407,5.00352862725289,deuxieme
X,sec5_texto,0.3697466734036,5.53333333333333,22.8477777777778,6.74181818181818,6.92767295597484,5.59393576483835,deuxieme
X,sec5_tintin,0.359194639231195,5.8,23.0409090909091,6.63157894736842,6.09183673469388,4.44732497043579,deuxieme
X,sec5_tonnerre_brest,0.308281153739702,6.87557603686636,29.0829493087558,6.57205240174673,6.36947791164659,5.40164847042245,deuxieme
